Data de conclus√£o|Tipo de recurso|Escala
12/03/2023|SCN Carta Ortoimagem|100000
12/03/2023|SCN Carta Ortoimagem|100000
12/03/2023|SCN Carta Ortoimagem|25000
12/03/2023|SCN Carta Ortoimagem|250000
12/03/2023|SCN Carta Ortoimagem|50000
12/03/2023|SCN Carta Ortoimagem|50000
12/03/2023|SCN Carta Ortoimagem|50000
01/01/2017|SCN Carta Ortoimagem|25000
01/01/2017|SCN Carta Ortoimagem|25000
01/01/2017|SCN Carta Ortoimagem|25000
01/01/2017|SCN Carta Ortoimagem|25000
01/01/2016|SCN Carta Ortoimagem|25000
01/01/2017|SCN Carta Ortoimagem|25000
01/01/2017|SCN Carta Ortoimagem|25000
01/01/2017|SCN Carta Ortoimagem|25000
01/01/2017|SCN Carta Ortoimagem|25000
01/01/2016|SCN Carta Ortoimagem|25000
01/01/2016|SCN Carta Ortoimagem|25000
01/01/2016|SCN Carta Ortoimagem|25000
01/01/2017|SCN Carta Ortoimagem|25000
01/01/2017|SCN Carta Ortoimagem|25000
01/01/2016|SCN Carta Ortoimagem|25000
01/01/2016|SCN Carta Ortoimagem|25000
01/01/2017|SCN Carta Ortoimagem|25000
01/01/2017|SCN Carta Ortoimagem|25000
01/01/2017|SCN Carta Ortoimagem|25000
01/01/2017|SCN Carta Ortoimagem|25000
01/01/2107|SCN Carta Ortoimagem|25000
01/01/2017|SCN Carta Ortoimagem|25000
01/01/2016|SCN Carta Ortoimagem|25000
01/01/2016|SCN Carta Ortoimagem|25000
01/01/2016|SCN Carta Ortoimagem|25000
01/01/2017|SCN Carta Ortoimagem|25000
01/01/2016|SCN Carta Ortoimagem|25000
01/01/2016|SCN Carta Ortoimagem|25000
01/01/2017|SCN Carta Ortoimagem|25000
01/01/2016|SCN Carta Ortoimagem|25000
01/01/2016|SCN Carta Ortoimagem|25000
01/01/2016|SCN Carta Ortoimagem|25000
06/06/2018|SCN Carta Ortoimagem|25000
01/01/2017|SCN Carta Ortoimagem|25000
01/01/2017|SCN Carta Ortoimagem|25000
01/01/2017|SCN Carta Ortoimagem|25000
01/01/2017|SCN Carta Ortoimagem|25000
01/01/2017|SCN Carta Ortoimagem|25000
01/01/2017|SCN Carta Ortoimagem|25000
01/01/2017|SCN Carta Ortoimagem|25000
01/01/2017|SCN Carta Ortoimagem|25000
01/01/2017|SCN Carta Ortoimagem|25000
01/01/2017|SCN Carta Ortoimagem|25000
01/01/2017|SCN Carta Ortoimagem|25000
01/01/2017|SCN Carta Ortoimagem|25000
01/01/2017|SCN Carta Ortoimagem|25000
01/01/2017|SCN Carta Ortoimagem|25000
15/09/2017|SCN Carta Ortoimagem|25000
01/01/2017|SCN Carta Ortoimagem|25000
01/01/2016|SCN Carta Ortoimagem|25000
01/01/2016|SCN Carta Ortoimagem|25000
01/01/2017|SCN Carta Ortoimagem|25000
01/01/2017|SCN Carta Ortoimagem|25000
01/01/2017|SCN Carta Ortoimagem|25000
01/01/2017|SCN Carta Ortoimagem|25000
01/01/2017|SCN Carta Ortoimagem|25000
01/01/2017|SCN Carta Ortoimagem|25000
01/01/2017|SCN Carta Ortoimagem|25000
01/01/2017|SCN Carta Ortoimagem|25000
01/01/2016|SCN Carta Ortoimagem|25000
10/06/2013|SCN Carta Topografica Matricial|25000
10/05/2014|SCN Carta Topografica Matricial|25000
12/03/2023|SCN Carta Topografica Matricial|100000
12/03/2023|SCN Carta Topografica Matricial|100000
12/03/2024|SCN Carta Topografica Matricial|25000
12/03/2023|SCN Carta Topografica Matricial|250000
12/03/2023|SCN Carta Topografica Matricial|50000
12/03/2023|SCN Carta Topografica Matricial|50000
12/10/2015|SCN Carta Topografica Matricial|25000
12/10/2015|SCN Carta Topografica Matricial|25000
12/10/2015|SCN Carta Topografica Matricial|25000
22/07/2015|SCN Carta Topografica Matricial|25000
22/07/2015|SCN Carta Topografica Matricial|25000
22/07/2015|SCN Carta Topografica Matricial|25000
21/07/2015|SCN Carta Topografica Matricial|25000
22/07/2015|SCN Carta Topografica Matricial|25000
21/07/2015|SCN Carta Topografica Matricial|25000
22/07/2015|SCN Carta Topografica Matricial|25000
21/07/2015|SCN Carta Topografica Matricial|25000
22/07/2015|SCN Carta Topografica Matricial|25000
01/01/2019|SCN Carta Topografica Matricial|50000
28/07/2025|SCN Carta Ortoimagem|100000
28/07/2025|SCN Carta Ortoimagem|100000
28/07/2025|SCN Carta Ortoimagem|100000
28/07/2025|SCN Carta Ortoimagem|100000
28/07/2025|SCN Carta Ortoimagem|100000
29/07/2025|SCN Carta Ortoimagem|100000
28/07/2025|SCN Carta Ortoimagem|100000
28/07/2025|SCN Carta Ortoimagem|100000
28/07/2025|SCN Carta Ortoimagem|100000
28/07/2025|SCN Carta Ortoimagem|100000
01/08/2018|SCN Carta Ortoimagem|25000
13/08/2025|SCN Carta Ortoimagem|25000
13/08/2025|SCN Carta Ortoimagem|25000
13/08/2025|SCN Carta Ortoimagem|25000
12/03/2023|SCN Carta Ortoimagem|25000
12/03/2023|SCN Carta Ortoimagem|25000
12/03/2023|SCN Carta Ortoimagem|25000
08/07/2025|SCN Carta Ortoimagem|50000
08/07/2025|SCN Carta Ortoimagem|50000
08/07/2025|SCN Carta Ortoimagem|50000
08/07/2025|SCN Carta Ortoimagem|50000
13/08/2025|SCN Carta Ortoimagem|50000
08/07/2025|SCN Carta Ortoimagem|50000
08/07/2025|SCN Carta Ortoimagem|50000
20/07/2025|SCN Carta Ortoimagem|50000
08/07/2025|SCN Carta Ortoimagem|50000
08/07/2025|SCN Carta Ortoimagem|50000
13/08/2025|SCN Carta Ortoimagem|50000
08/07/2025|SCN Carta Ortoimagem|50000
08/07/2025|SCN Carta Ortoimagem|50000
13/08/2025|SCN Carta Ortoimagem|50000
20/07/2025|SCN Carta Ortoimagem|50000
08/07/2025|SCN Carta Ortoimagem|50000
08/07/2025|SCN Carta Ortoimagem|50000
20/07/2025|SCN Carta Ortoimagem|50000
08/07/2025|SCN Carta Ortoimagem|50000
08/07/2025|SCN Carta Ortoimagem|50000
08/07/2025|SCN Carta Ortoimagem|50000
08/07/2025|SCN Carta Ortoimagem|50000
20/07/2025|SCN Carta Ortoimagem|50000
13/08/2025|SCN Carta Ortoimagem|50000
13/08/2025|SCN Carta Ortoimagem|50000
08/07/2025|SCN Carta Ortoimagem|50000
13/09/2023|SCN Carta Ortoimagem|25000
13/09/2023|SCN Carta Ortoimagem|25000
13/09/2023|SCN Carta Ortoimagem|25000
13/09/2023|SCN Carta Ortoimagem|25000
13/09/2023|SCN Carta Ortoimagem|25000
13/09/2023|SCN Carta Ortoimagem|25000
13/09/2023|SCN Carta Ortoimagem|25000
13/09/2023|SCN Carta Ortoimagem|25000
06/09/2023|SCN Carta Ortoimagem|25000
06/09/2023|SCN Carta Ortoimagem|25000
06/09/2023|SCN Carta Ortoimagem|25000
06/09/2023|SCN Carta Ortoimagem|25000
06/09/2023|SCN Carta Ortoimagem|25000
06/09/2023|SCN Carta Ortoimagem|25000
06/09/2023|SCN Carta Ortoimagem|25000
13/09/2023|SCN Carta Ortoimagem|25000
13/08/2025|SCN Carta Ortoimagem|25000
14/08/2025|SCN Carta Ortoimagem|25000
18/03/2025|SCN Carta Ortoimagem|25000
14/08/2025|SCN Carta Ortoimagem|25000
18/03/2025|SCN Carta Ortoimagem|25000
13/08/2025|SCN Carta Ortoimagem|25000
13/08/2025|SCN Carta Ortoimagem|25000
13/08/2025|SCN Carta Ortoimagem|25000
13/08/2025|SCN Carta Ortoimagem|50000
06/06/2025|SCN Carta Ortoimagem|50000
13/08/2025|SCN Carta Ortoimagem|50000
13/08/2025|SCN Carta Ortoimagem|50000
13/08/2025|SCN Carta Ortoimagem|50000
13/08/2025|SCN Carta Ortoimagem|50000
13/08/2025|SCN Carta Ortoimagem|50000
13/08/2025|SCN Carta Ortoimagem|50000
25/02/2022|SCN Carta Topografica Matricial|25000
31/12/2022|SCN Carta Topografica Matricial|25000
31/12/2022|SCN Carta Topografica Matricial|25000
31/12/2022|SCN Carta Topografica Matricial|25000
12/03/2023|SCN Carta Topografica Matricial|25000
31/12/2022|SCN Carta Topografica Matricial|25000
25/02/2022|SCN Carta Topografica Matricial|25000
31/12/2022|SCN Carta Topografica Matricial|25000
12/03/2023|SCN Carta Topografica Matricial|25000
25/02/2022|SCN Carta Topografica Matricial|25000
25/02/2022|SCN Carta Topografica Matricial|25000
31/12/2022|SCN Carta Topografica Matricial|25000
31/12/2022|SCN Carta Topografica Matricial|25000
31/12/2022|SCN Carta Topografica Matricial|25000
25/02/2022|SCN Carta Topografica Matricial|25000
30/12/2022|SCN Carta Topografica Matricial|25000
25/02/2022|SCN Carta Topografica Matricial|25000
31/12/2022|SCN Carta Topografica Matricial|25000
25/02/2022|SCN Carta Topografica Matricial|25000
31/12/2022|SCN Carta Topografica Matricial|25000
31/12/2022|SCN Carta Topografica Matricial|25000
31/12/2022|SCN Carta Topografica Matricial|25000
01/01/1975|SCN Carta Topografica Matricial|100000
01/01/1977|SCN Carta Topografica Matricial|100000
01/01/1985|SCN Carta Topografica Matricial|100000
01/01/1968|SCN Carta Topografica Matricial|100000
01/01/1979|SCN Carta Topografica Matricial|100000
01/01/1974|SCN Carta Topografica Matricial|100000
01/01/1979|SCN Carta Topografica Matricial|100000
01/01/1974|SCN Carta Topografica Matricial|100000
01/01/1970|SCN Carta Topografica Matricial|100000
01/01/1978|SCN Carta Topografica Matricial|100000
01/01/1975|SCN Carta Topografica Matricial|100000
01/01/1970|SCN Carta Topografica Matricial|100000
01/01/1977|SCN Carta Topografica Matricial|100000
01/01/1979|SCN Carta Topografica Matricial|100000
01/01/1979|SCN Carta Topografica Matricial|100000
01/01/1980|SCN Carta Topografica Matricial|100000
01/01/1980|SCN Carta Topografica Matricial|100000
01/01/1975|SCN Carta Topografica Matricial|100000
01/01/1979|SCN Carta Topografica Matricial|100000
01/01/1974|SCN Carta Topografica Matricial|100000
01/01/1983|SCN Carta Topografica Matricial|100000
01/01/1980|SCN Carta Topografica Matricial|100000
01/01/1980|SCN Carta Topografica Matricial|100000
01/01/1979|SCN Carta Topografica Matricial|100000
01/01/1979|SCN Carta Topografica Matricial|100000
01/01/1974|SCN Carta Topografica Matricial|100000
01/01/1980|SCN Carta Topografica Matricial|100000
01/01/1983|SCN Carta Topografica Matricial|100000
01/01/1969|SCN Carta Topografica Matricial|100000
01/01/1983|SCN Carta Topografica Matricial|100000
01/01/1983|SCN Carta Topografica Matricial|100000
01/01/1972|SCN Carta Topografica Matricial|100000
01/01/1972|SCN Carta Topografica Matricial|100000
01/01/1965|SCN Carta Topografica Matricial|100000
01/01/1969|SCN Carta Topografica Matricial|100000
01/01/1980|SCN Carta Topografica Matricial|100000
01/01/1970|SCN Carta Topografica Matricial|100000
01/01/1969|SCN Carta Topografica Matricial|100000
01/01/1975|SCN Carta Topografica Matricial|100000
01/01/1968|SCN Carta Topografica Matricial|100000
01/01/1972|SCN Carta Topografica Matricial|100000
31/12/2022|SCN Carta Topografica Matricial|25000
01/01/1980|SCN Carta Topografica Matricial|25000
30/12/2022|SCN Carta Topografica Matricial|25000
01/01/1981|SCN Carta Topografica Matricial|25000
27/11/2015|SCN Carta Topografica Matricial|25000
01/01/1984|SCN Carta Topografica Matricial|25000
03/06/2016|SCN Carta Topografica Matricial|25000
01/01/1981|SCN Carta Topografica Matricial|25000
01/06/2016|SCN Carta Topografica Matricial|25000
02/06/2016|SCN Carta Topografica Matricial|25000
01/01/1982|SCN Carta Topografica Matricial|25000
01/01/1981|SCN Carta Topografica Matricial|25000
01/11/2009|SCN Carta Topografica Matricial|25000
01/01/1989|SCN Carta Topografica Matricial|25000
01/01/1982|SCN Carta Topografica Matricial|25000
01/01/1982|SCN Carta Topografica Matricial|25000
01/01/1980|SCN Carta Topografica Matricial|25000
01/01/1980|SCN Carta Topografica Matricial|25000
01/01/1980|SCN Carta Topografica Matricial|25000
01/01/1981|SCN Carta Topografica Matricial|25000
01/01/1983|SCN Carta Topografica Matricial|25000
01/01/1983|SCN Carta Topografica Matricial|25000
13/11/2015|SCN Carta Topografica Matricial|25000
01/01/1981|SCN Carta Topografica Matricial|25000
01/01/1981|SCN Carta Topografica Matricial|25000
01/01/1980|SCN Carta Topografica Matricial|25000
30/12/2022|SCN Carta Topografica Matricial|25000
01/01/1982|SCN Carta Topografica Matricial|25000
01/01/1980|SCN Carta Topografica Matricial|25000
01/01/1981|SCN Carta Topografica Matricial|25000
01/01/1981|SCN Carta Topografica Matricial|25000
27/11/2015|SCN Carta Topografica Matricial|25000
01/01/1980|SCN Carta Topografica Matricial|25000
01/01/1980|SCN Carta Topografica Matricial|25000
01/01/1980|SCN Carta Topografica Matricial|25000
01/01/1984|SCN Carta Topografica Matricial|25000
01/01/1981|SCN Carta Topografica Matricial|25000
01/11/2009|SCN Carta Topografica Matricial|25000
01/01/1982|SCN Carta Topografica Matricial|25000
01/01/1980|SCN Carta Topografica Matricial|25000
01/11/2009|SCN Carta Topografica Matricial|25000
01/01/1981|SCN Carta Topografica Matricial|25000
01/01/1980|SCN Carta Topografica Matricial|25000
27/11/2015|SCN Carta Topografica Matricial|25000
13/11/2015|SCN Carta Topografica Matricial|25000
02/06/2016|SCN Carta Topografica Matricial|25000
01/01/1980|SCN Carta Topografica Matricial|25000
01/01/1980|SCN Carta Topografica Matricial|25000
01/01/1992|SCN Carta Topografica Matricial|25000
01/11/2009|SCN Carta Topografica Matricial|25000
01/11/2009|SCN Carta Topografica Matricial|25000
01/01/2000|SCN Carta Topografica Matricial|25000
01/01/1983|SCN Carta Topografica Matricial|25000
01/01/1980|SCN Carta Topografica Matricial|25000
01/01/1980|SCN Carta Topografica Matricial|25000
30/12/2022|SCN Carta Topografica Matricial|25000
27/11/2015|SCN Carta Topografica Matricial|25000
31/12/2022|SCN Carta Topografica Matricial|25000
01/01/1980|SCN Carta Topografica Matricial|25000
01/01/1980|SCN Carta Topografica Matricial|25000
30/12/2022|SCN Carta Topografica Matricial|25000
01/01/1980|SCN Carta Topografica Matricial|25000
01/01/1980|SCN Carta Topografica Matricial|25000
01/01/1981|SCN Carta Topografica Matricial|25000
01/01/1980|SCN Carta Topografica Matricial|25000
31/12/2022|SCN Carta Topografica Matricial|25000
31/12/2022|SCN Carta Topografica Matricial|25000
31/12/2022|SCN Carta Topografica Matricial|25000
31/12/2022|SCN Carta Topografica Matricial|25000
01/01/1981|SCN Carta Topografica Matricial|25000
01/01/1984|SCN Carta Topografica Matricial|25000
01/01/1981|SCN Carta Topografica Matricial|25000
13/11/2015|SCN Carta Topografica Matricial|25000
01/01/1982|SCN Carta Topografica Matricial|25000
01/11/2009|SCN Carta Topografica Matricial|25000
01/01/1981|SCN Carta Topografica Matricial|25000
01/01/1980|SCN Carta Topografica Matricial|25000
01/01/1982|SCN Carta Topografica Matricial|25000
31/12/2022|SCN Carta Topografica Matricial|25000
31/12/2022|SCN Carta Topografica Matricial|25000
01/01/1981|SCN Carta Topografica Matricial|25000
01/11/2009|SCN Carta Topografica Matricial|25000
03/06/2016|SCN Carta Topografica Matricial|25000
01/11/2009|SCN Carta Topografica Matricial|25000
01/01/1983|SCN Carta Topografica Matricial|25000
01/01/1981|SCN Carta Topografica Matricial|25000
01/11/2009|SCN Carta Topografica Matricial|25000
01/01/1971|SCN Carta Topografica Matricial|25000
01/11/2009|SCN Carta Topografica Matricial|25000
01/01/1981|SCN Carta Topografica Matricial|25000
01/01/1980|SCN Carta Topografica Matricial|25000
01/01/1981|SCN Carta Topografica Matricial|25000
01/11/2009|SCN Carta Topografica Matricial|25000
01/01/1981|SCN Carta Topografica Matricial|25000
01/01/1980|SCN Carta Topografica Matricial|25000
01/01/1981|SCN Carta Topografica Matricial|25000
01/11/2009|SCN Carta Topografica Matricial|25000
01/01/1980|SCN Carta Topografica Matricial|25000
01/01/1966|SCN Carta Topografica Matricial|25000
01/01/1981|SCN Carta Topografica Matricial|25000
01/01/1980|SCN Carta Topografica Matricial|25000
01/01/1984|SCN Carta Topografica Matricial|25000
01/01/1982|SCN Carta Topografica Matricial|25000
01/01/1982|SCN Carta Topografica Matricial|25000
01/01/1981|SCN Carta Topografica Matricial|25000
01/01/1982|SCN Carta Topografica Matricial|25000
01/01/1980|SCN Carta Topografica Matricial|25000
01/01/1981|SCN Carta Topografica Matricial|25000
01/01/1982|SCN Carta Topografica Matricial|25000
30/12/2022|SCN Carta Topografica Matricial|25000
13/11/2015|SCN Carta Topografica Matricial|25000
01/01/1981|SCN Carta Topografica Matricial|25000
01/01/1981|SCN Carta Topografica Matricial|25000
01/01/1980|SCN Carta Topografica Matricial|25000
01/01/1981|SCN Carta Topografica Matricial|25000
03/06/2016|SCN Carta Topografica Matricial|25000
06/06/2016|SCN Carta Topografica Matricial|25000
06/06/2016|SCN Carta Topografica Matricial|25000
06/06/2016|SCN Carta Topografica Matricial|25000
01/01/1981|SCN Carta Topografica Matricial|25000
01/01/1980|SCN Carta Topografica Matricial|25000
01/01/1981|SCN Carta Topografica Matricial|25000
01/01/1980|SCN Carta Topografica Matricial|250000
10/01/1983|SCN Carta Topografica Matricial|250000
01/01/1979|SCN Carta Topografica Matricial|250000
01/01/1982|SCN Carta Topografica Matricial|250000
01/01/1981|SCN Carta Topografica Matricial|250000
01/01/1977|SCN Carta Topografica Matricial|250000
01/01/1979|SCN Carta Topografica Matricial|250000
01/01/1977|SCN Carta Topografica Matricial|50000
01/01/1974|SCN Carta Topografica Matricial|50000
01/01/1977|SCN Carta Topografica Matricial|50000
22/12/2022|SCN Carta Topografica Matricial|50000
01/01/1972|SCN Carta Topografica Matricial|50000
01/01/1972|SCN Carta Topografica Matricial|50000
01/01/1973|SCN Carta Topografica Matricial|50000
01/01/1974|SCN Carta Topografica Matricial|50000
01/01/1975|SCN Carta Topografica Matricial|50000
01/01/1974|SCN Carta Topografica Matricial|50000
01/01/1972|SCN Carta Topografica Matricial|50000
01/01/1978|SCN Carta Topografica Matricial|50000
01/01/1970|SCN Carta Topografica Matricial|50000
01/01/1978|SCN Carta Topografica Matricial|50000
01/01/1974|SCN Carta Topografica Matricial|50000
01/01/1970|SCN Carta Topografica Matricial|50000
01/01/1972|SCN Carta Topografica Matricial|50000
01/01/1983|SCN Carta Topografica Matricial|50000
01/01/1974|SCN Carta Topografica Matricial|50000
01/01/1973|SCN Carta Topografica Matricial|50000
01/01/1976|SCN Carta Topografica Matricial|50000
01/01/1975|SCN Carta Topografica Matricial|50000
01/01/1965|SCN Carta Topografica Matricial|50000
01/01/1983|SCN Carta Topografica Matricial|50000
01/01/1967|SCN Carta Topografica Matricial|50000
01/01/1975|SCN Carta Topografica Matricial|50000
01/01/1982|SCN Carta Topografica Matricial|50000
01/01/1974|SCN Carta Topografica Matricial|50000
01/01/1970|SCN Carta Topografica Matricial|50000
01/01/1974|SCN Carta Topografica Matricial|50000
01/01/1978|SCN Carta Topografica Matricial|50000
01/01/1988|SCN Carta Topografica Matricial|50000
01/01/1967|SCN Carta Topografica Matricial|50000
01/01/1967|SCN Carta Topografica Matricial|50000
01/01/1978|SCN Carta Topografica Matricial|50000
01/01/1975|SCN Carta Topografica Matricial|50000
01/01/1983|SCN Carta Topografica Matricial|50000
01/01/1969|SCN Carta Topografica Matricial|50000
22/12/2022|SCN Carta Topografica Matricial|50000
01/01/1978|SCN Carta Topografica Matricial|50000
01/01/1970|SCN Carta Topografica Matricial|50000
01/01/1970|SCN Carta Topografica Matricial|50000
01/01/1972|SCN Carta Topografica Matricial|50000
01/01/1977|SCN Carta Topografica Matricial|50000
01/01/1975|SCN Carta Topografica Matricial|50000
01/01/1988|SCN Carta Topografica Matricial|50000
01/01/1977|SCN Carta Topografica Matricial|50000
01/01/1984|SCN Carta Topografica Matricial|50000
01/01/1967|SCN Carta Topografica Matricial|50000
01/01/1973|SCN Carta Topografica Matricial|50000
01/01/1973|SCN Carta Topografica Matricial|50000
01/01/1967|SCN Carta Topografica Matricial|50000
01/01/1982|SCN Carta Topografica Matricial|50000
01/01/1982|SCN Carta Topografica Matricial|50000
01/01/1969|SCN Carta Topografica Matricial|50000
01/01/1970|SCN Carta Topografica Matricial|50000
01/01/1982|SCN Carta Topografica Matricial|50000
01/01/1966|SCN Carta Topografica Matricial|50000
22/12/2022|SCN Carta Topografica Matricial|50000
01/01/1972|SCN Carta Topografica Matricial|50000
01/01/1974|SCN Carta Topografica Matricial|50000
01/01/1981|SCN Carta Topografica Matricial|50000
01/01/1973|SCN Carta Topografica Matricial|50000
01/01/1976|SCN Carta Topografica Matricial|50000
01/01/1968|SCN Carta Topografica Matricial|50000
01/01/1972|SCN Carta Topografica Matricial|50000
01/01/1972|SCN Carta Topografica Matricial|50000
01/01/1973|SCN Carta Topografica Matricial|50000
01/01/1972|SCN Carta Topografica Matricial|50000
01/01/1967|SCN Carta Topografica Matricial|50000
01/01/1997|SCN Carta Topografica Matricial|50000
01/01/1979|SCN Carta Topografica Matricial|50000
01/01/1976|SCN Carta Topografica Matricial|50000
01/01/1967|SCN Carta Topografica Matricial|50000
01/01/1971|SCN Carta Topografica Matricial|50000
01/01/1976|SCN Carta Topografica Matricial|50000
01/01/1967|SCN Carta Topografica Matricial|50000
01/01/1971|SCN Carta Topografica Matricial|50000
01/01/1970|SCN Carta Topografica Matricial|50000
01/01/1982|SCN Carta Topografica Matricial|50000
01/01/1979|SCN Carta Topografica Matricial|50000
01/01/1975|SCN Carta Topografica Matricial|50000
01/01/1969|SCN Carta Topografica Matricial|50000
01/01/1971|SCN Carta Topografica Matricial|50000
01/01/1973|SCN Carta Topografica Matricial|50000
01/01/1972|SCN Carta Topografica Matricial|50000
01/01/1970|SCN Carta Topografica Matricial|50000
01/01/1969|SCN Carta Topografica Matricial|50000
01/01/1972|SCN Carta Topografica Matricial|50000
01/01/1974|SCN Carta Topografica Matricial|50000
22/12/2022|SCN Carta Topografica Matricial|50000
01/01/1986|SCN Carta Topografica Matricial|50000
01/01/1973|SCN Carta Topografica Matricial|50000
01/01/1967|SCN Carta Topografica Matricial|50000
01/01/1972|SCN Carta Topografica Matricial|50000
01/01/1968|SCN Carta Topografica Matricial|50000
01/01/1978|SCN Carta Topografica Matricial|50000
01/01/1973|SCN Carta Topografica Matricial|50000
01/01/1976|SCN Carta Topografica Matricial|50000
01/01/1974|SCN Carta Topografica Matricial|50000
01/01/1978|SCN Carta Topografica Matricial|50000
01/01/1970|SCN Carta Topografica Matricial|50000
01/01/1986|SCN Carta Topografica Matricial|50000
01/01/1973|SCN Carta Topografica Matricial|50000
01/01/1972|SCN Carta Topografica Matricial|50000
01/01/1969|SCN Carta Topografica Matricial|50000
01/01/1972|SCN Carta Topografica Matricial|50000
01/01/1968|SCN Carta Topografica Matricial|50000
01/01/1972|SCN Carta Topografica Matricial|50000
01/01/1970|SCN Carta Topografica Matricial|50000
01/01/1974|SCN Carta Topografica Matricial|50000
01/01/1969|SCN Carta Topografica Matricial|50000
01/01/1974|SCN Carta Topografica Matricial|50000
01/01/1984|SCN Carta Topografica Matricial|50000
01/01/1970|SCN Carta Topografica Matricial|50000
01/01/1975|SCN Carta Topografica Matricial|50000
01/01/1968|SCN Carta Topografica Matricial|50000
01/01/1983|SCN Carta Topografica Matricial|50000
01/01/1988|SCN Carta Topografica Matricial|50000
01/01/1976|SCN Carta Topografica Matricial|50000
01/01/1976|SCN Carta Topografica Matricial|50000
01/01/1972|SCN Carta Topografica Matricial|50000
01/01/1970|SCN Carta Topografica Matricial|50000
01/01/1970|SCN Carta Topografica Matricial|50000
01/01/1975|SCN Carta Topografica Matricial|50000
10/01/1974|SCN Carta Topografica Matricial|50000
01/01/1976|SCN Carta Topografica Matricial|50000
01/01/1979|SCN Carta Topografica Matricial|50000
01/01/1969|SCN Carta Topografica Matricial|50000
01/01/1965|SCN Carta Topografica Matricial|50000
01/01/1969|SCN Carta Topografica Matricial|50000
01/01/1970|SCN Carta Topografica Matricial|50000
01/01/1979|SCN Carta Topografica Matricial|50000
22/12/2022|SCN Carta Topografica Matricial|50000
01/01/1971|SCN Carta Topografica Matricial|50000
01/01/1974|SCN Carta Topografica Matricial|50000
01/01/1971|SCN Carta Topografica Matricial|50000
01/01/1978|SCN Carta Topografica Matricial|50000
01/01/1977|SCN Carta Topografica Matricial|50000
01/01/1971|SCN Carta Topografica Matricial|50000
01/01/1976|SCN Carta Topografica Matricial|50000
01/01/1975|SCN Carta Topografica Matricial|50000
01/01/1973|SCN Carta Topografica Matricial|50000
01/01/1974|SCN Carta Topografica Matricial|50000
01/01/1971|SCN Carta Topografica Matricial|50000
01/01/1975|SCN Carta Topografica Matricial|50000
01/01/1974|SCN Carta Topografica Matricial|50000
01/01/1978|SCN Carta Topografica Matricial|50000
01/01/1970|SCN Carta Topografica Matricial|50000
01/01/1969|SCN Carta Topografica Matricial|50000
01/01/1971|SCN Carta Topografica Matricial|50000
01/01/1977|SCN Carta Topografica Matricial|50000
01/01/1971|SCN Carta Topografica Matricial|50000
01/01/1974|SCN Carta Topografica Matricial|50000
22/12/2022|SCN Carta Topografica Matricial|50000
01/01/1988|SCN Carta Topografica Matricial|50000
01/01/1973|SCN Carta Topografica Matricial|50000
01/01/1986|SCN Carta Topografica Matricial|50000
01/01/1988|SCN Carta Topografica Matricial|50000
01/01/1969|SCN Carta Topografica Matricial|50000
01/01/1974|SCN Carta Topografica Matricial|50000
01/01/1971|SCN Carta Topografica Matricial|50000
01/01/1984|SCN Carta Topografica Matricial|50000
01/01/1982|SCN Carta Topografica Matricial|50000
01/01/1970|SCN Carta Topografica Matricial|50000
01/01/1971|SCN Carta Topografica Matricial|50000
01/01/1975|SCN Carta Topografica Matricial|50000
01/01/1974|SCN Carta Topografica Matricial|50000
01/01/1975|SCN Carta Topografica Matricial|50000
01/01/1987|SCN Carta Topografica Matricial|50000
01/01/1991|SCN Carta Topografica Matricial|50000
01/01/1971|SCN Carta Topografica Matricial|50000
01/01/1971|SCN Carta Topografica Matricial|50000
01/01/1971|SCN Carta Topografica Matricial|50000
22/12/2022|SCN Carta Topografica Matricial|50000
01/01/1972|SCN Carta Topografica Matricial|50000
01/01/1977|SCN Carta Topografica Matricial|50000
01/01/1976|SCN Carta Topografica Matricial|50000
22/12/2022|SCN Carta Topografica Matricial|50000
01/01/1974|SCN Carta Topografica Matricial|50000
01/01/1973|SCN Carta Topografica Matricial|50000
01/01/1978|SCN Carta Topografica Matricial|50000
01/01/1979|SCN Carta Topografica Matricial|50000
01/01/1969|SCN Carta Topografica Matricial|50000
01/01/1972|SCN Carta Topografica Matricial|50000
23/12/2022|SCN Carta Topografica Matricial|50000
01/01/1967|SCN Carta Topografica Matricial|50000
01/01/1973|SCN Carta Topografica Matricial|50000
01/01/1974|SCN Carta Topografica Matricial|50000
01/01/1970|SCN Carta Topografica Matricial|50000
01/01/1976|SCN Carta Topografica Matricial|50000
01/01/1979|SCN Carta Topografica Matricial|50000
01/01/1976|SCN Carta Topografica Matricial|50000
01/01/1965|SCN Carta Topografica Matricial|50000
01/01/1972|SCN Carta Topografica Matricial|50000
01/01/1977|SCN Carta Topografica Matricial|50000
01/01/1973|SCN Carta Topografica Matricial|50000
01/01/1965|SCN Carta Topografica Matricial|50000
01/01/1976|SCN Carta Topografica Matricial|50000
01/01/1974|SCN Carta Topografica Matricial|50000
01/01/1972|SCN Carta Topografica Matricial|50000
01/01/1968|SCN Carta Topografica Matricial|50000
01/01/1965|SCN Carta Topografica Matricial|50000
01/01/1979|SCN Carta Topografica Matricial|50000
01/01/1997|SCN Carta Topografica Matricial|50000
01/01/1975|SCN Carta Topografica Matricial|50000
01/01/1969|SCN Carta Topografica Matricial|50000
01/01/1970|SCN Carta Topografica Matricial|50000
01/01/1973|SCN Carta Topografica Matricial|50000
01/01/1972|SCN Carta Topografica Matricial|50000
01/01/1967|SCN Carta Topografica Matricial|50000
01/01/1975|SCN Carta Topografica Matricial|50000
01/01/1972|SCN Carta Topografica Matricial|50000
01/01/1972|SCN Carta Topografica Matricial|50000
01/01/1972|SCN Carta Topografica Matricial|50000
01/01/1971|SCN Carta Topografica Matricial|50000
01/01/1973|SCN Carta Topografica Matricial|50000
01/01/1973|SCN Carta Topografica Matricial|50000
01/01/1978|SCN Carta Topografica Matricial|50000
01/01/1967|SCN Carta Topografica Matricial|50000
01/01/1967|SCN Carta Topografica Matricial|50000
01/01/1973|SCN Carta Topografica Matricial|50000
01/01/1982|SCN Carta Topografica Matricial|50000
10/01/1977|SCN Carta Topografica Matricial|50000
01/01/1972|SCN Carta Topografica Matricial|50000
01/01/1970|SCN Carta Topografica Matricial|50000
01/01/1972|SCN Carta Topografica Matricial|50000
01/01/1983|SCN Carta Topografica Matricial|50000
01/01/1970|SCN Carta Topografica Matricial|50000
01/01/1965|SCN Carta Topografica Matricial|50000
01/01/1978|SCN Carta Topografica Matricial|50000
01/01/1978|SCN Carta Topografica Matricial|50000
01/01/1967|SCN Carta Topografica Matricial|50000
01/01/1982|SCN Carta Topografica Matricial|50000
01/01/1971|SCN Carta Topografica Matricial|50000
01/01/1973|SCN Carta Topografica Matricial|50000
01/01/1970|SCN Carta Topografica Matricial|50000
01/01/1971|SCN Carta Topografica Matricial|50000
01/01/1974|SCN Carta Topografica Matricial|50000
01/01/1973|SCN Carta Topografica Matricial|50000
01/01/1971|SCN Carta Topografica Matricial|50000
01/01/1976|SCN Carta Topografica Matricial|50000
01/01/1972|SCN Carta Topografica Matricial|50000
01/01/1971|SCN Carta Topografica Matricial|50000
01/01/1965|SCN Carta Topografica Matricial|50000
01/01/1975|SCN Carta Topografica Matricial|50000
01/01/1972|SCN Carta Topografica Matricial|50000
01/01/1985|SCN Carta Topografica Matricial|50000
01/01/1984|SCN Carta Topografica Matricial|50000
01/01/1986|SCN Carta Topografica Matricial|50000
01/01/1974|SCN Carta Topografica Matricial|50000
01/01/1974|SCN Carta Topografica Matricial|50000
01/01/1974|SCN Carta Topografica Matricial|50000
01/01/1965|SCN Carta Topografica Matricial|50000
01/01/1967|SCN Carta Topografica Matricial|50000
01/01/1973|SCN Carta Topografica Matricial|50000
01/01/1972|SCN Carta Topografica Matricial|50000
01/01/1972|SCN Carta Topografica Matricial|50000
01/01/1973|SCN Carta Topografica Matricial|50000
01/01/1967|SCN Carta Topografica Matricial|50000
01/01/1967|SCN Carta Topografica Matricial|50000
01/01/1974|SCN Carta Topografica Matricial|50000
01/01/1985|SCN Carta Topografica Matricial|50000
01/01/1972|SCN Carta Topografica Matricial|50000
01/01/1999|SCN Carta Topografica Matricial|50000
01/01/1976|SCN Carta Topografica Matricial|50000
31/07/2023|SCN Carta Topografica Matricial|50000
01/01/1979|SCN Carta Topografica Matricial|50000
01/01/1974|SCN Carta Topografica Matricial|50000
01/01/1971|SCN Carta Topografica Matricial|50000
01/01/1968|SCN Carta Topografica Matricial|50000
01/01/1971|SCN Carta Topografica Matricial|50000
01/01/1988|SCN Carta Topografica Matricial|50000
01/01/1972|SCN Carta Topografica Matricial|50000
01/01/1972|SCN Carta Topografica Matricial|50000
01/01/1969|SCN Carta Topografica Matricial|50000
01/01/1967|SCN Carta Topografica Matricial|50000
01/01/1967|SCN Carta Topografica Matricial|50000
01/01/1967|SCN Carta Topografica Matricial|50000
01/01/1988|SCN Carta Topografica Matricial|50000
01/01/1983|SCN Carta Topografica Matricial|50000
01/01/1971|SCN Carta Topografica Matricial|50000
01/01/1974|SCN Carta Topografica Matricial|50000
01/01/1967|SCN Carta Topografica Matricial|50000
01/01/1984|SCN Carta Topografica Matricial|50000
01/01/1973|SCN Carta Topografica Matricial|50000
01/01/1976|SCN Carta Topografica Matricial|50000
22/12/2022|SCN Carta Topografica Matricial|50000
01/01/1969|SCN Carta Topografica Matricial|50000
01/01/1973|SCN Carta Topografica Matricial|50000
01/01/1975|SCN Carta Topografica Matricial|50000
01/01/1973|SCN Carta Topografica Matricial|50000
01/01/1975|SCN Carta Topografica Matricial|50000
01/01/1972|SCN Carta Topografica Matricial|50000
01/01/1977|SCN Carta Topografica Matricial|50000
01/01/1972|SCN Carta Topografica Matricial|50000
01/01/1971|SCN Carta Topografica Matricial|50000
01/01/1977|SCN Carta Topografica Matricial|50000
01/01/1976|SCN Carta Topografica Matricial|50000
01/01/1974|SCN Carta Topografica Matricial|50000
01/01/1975|SCN Carta Topografica Matricial|50000
01/01/1970|SCN Carta Topografica Matricial|50000
01/01/1966|SCN Carta Topografica Matricial|50000
01/01/1973|SCN Carta Topografica Matricial|50000
23/12/2022|SCN Carta Topografica Matricial|50000
01/01/1979|SCN Carta Topografica Matricial|50000
01/01/1972|SCN Carta Topografica Matricial|50000
01/01/1974|SCN Carta Topografica Matricial|50000
01/01/1972|SCN Carta Topografica Matricial|50000
01/01/1974|SCN Carta Topografica Matricial|50000
01/01/1966|SCN Carta Topografica Matricial|50000
01/01/1985|SCN Carta Topografica Matricial|50000
01/01/1974|SCN Carta Topografica Matricial|50000
01/01/1974|SCN Carta Topografica Matricial|50000
01/01/1984|SCN Carta Topografica Matricial|50000
01/01/1973|SCN Carta Topografica Matricial|50000
01/01/1973|SCN Carta Topografica Matricial|50000
01/01/1968|SCN Carta Topografica Matricial|50000
01/01/1975|SCN Carta Topografica Matricial|50000
01/01/1977|SCN Carta Topografica Matricial|50000
01/01/1971|SCN Carta Topografica Matricial|50000
01/01/1973|SCN Carta Topografica Matricial|50000
01/01/1980|SCN Carta Topografica Matricial|50000
01/01/1966|SCN Carta Topografica Matricial|50000
01/01/1983|SCN Carta Topografica Matricial|50000
01/01/1973|SCN Carta Topografica Matricial|50000
01/01/1986|SCN Carta Topografica Matricial|50000
01/01/1974|SCN Carta Topografica Matricial|50000
01/01/1969|SCN Carta Topografica Matricial|50000
01/01/1972|SCN Carta Topografica Matricial|50000
01/01/1965|SCN Carta Topografica Matricial|50000
01/01/1970|SCN Carta Topografica Matricial|50000
01/01/1975|SCN Carta Topografica Matricial|50000
01/01/1967|SCN Carta Topografica Matricial|50000
01/01/1979|SCN Carta Topografica Matricial|50000
01/01/1986|SCN Carta Topografica Matricial|50000
01/01/1975|SCN Carta Topografica Matricial|50000
01/01/1975|SCN Carta Topografica Matricial|50000
01/01/1974|SCN Carta Topografica Matricial|50000
01/01/1972|SCN Carta Topografica Matricial|50000
01/01/1974|SCN Carta Topografica Matricial|50000
01/01/1973|SCN Carta Topografica Matricial|50000
01/01/1974|SCN Carta Topografica Matricial|50000
01/01/1971|SCN Carta Topografica Matricial|50000
01/01/1978|SCN Carta Topografica Matricial|50000
01/01/1979|SCN Carta Topografica Matricial|50000
01/01/1972|SCN Carta Topografica Matricial|50000
01/01/1968|SCN Carta Topografica Matricial|50000
01/01/1967|SCN Carta Topografica Matricial|50000
01/01/1975|SCN Carta Topografica Matricial|50000
01/01/1972|SCN Carta Topografica Matricial|50000
01/01/1972|SCN Carta Topografica Matricial|50000
01/01/1971|SCN Carta Topografica Matricial|50000
01/01/1976|SCN Carta Topografica Matricial|50000
01/01/1972|SCN Carta Topografica Matricial|50000
01/01/1973|SCN Carta Topografica Matricial|50000
01/01/1972|SCN Carta Topografica Matricial|50000
01/01/1968|SCN Carta Topografica Matricial|50000
01/01/1968|SCN Carta Topografica Matricial|50000
01/01/1968|SCN Carta Topografica Matricial|50000
01/01/1978|SCN Carta Topografica Matricial|50000
01/01/1978|SCN Carta Topografica Matricial|50000
01/01/1967|SCN Carta Topografica Matricial|50000
01/01/1978|SCN Carta Topografica Matricial|50000
01/01/1971|SCN Carta Topografica Matricial|50000
01/01/1972|SCN Carta Topografica Matricial|50000
01/01/1967|SCN Carta Topografica Matricial|50000
01/01/1967|SCN Carta Topografica Matricial|50000
01/01/1973|SCN Carta Topografica Matricial|50000
01/01/1978|SCN Carta Topografica Matricial|50000
01/01/1973|SCN Carta Topografica Matricial|50000
01/01/1972|SCN Carta Topografica Matricial|50000
01/01/1985|SCN Carta Topografica Matricial|50000
01/01/1974|SCN Carta Topografica Matricial|50000
01/01/1973|SCN Carta Topografica Matricial|50000
01/01/1977|SCN Carta Topografica Matricial|50000
01/01/1972|SCN Carta Topografica Matricial|50000
01/01/1985|SCN Carta Topografica Matricial|50000
01/01/1966|SCN Carta Topografica Matricial|50000
01/01/1966|SCN Carta Topografica Matricial|50000
01/01/1988|SCN Carta Topografica Matricial|50000
01/01/1967|SCN Carta Topografica Matricial|50000
01/01/1974|SCN Carta Topografica Matricial|50000
01/01/1973|SCN Carta Topografica Matricial|50000
01/01/1971|SCN Carta Topografica Matricial|50000
01/01/1978|SCN Carta Topografica Matricial|50000
01/01/1973|SCN Carta Topografica Matricial|50000
01/01/1973|SCN Carta Topografica Matricial|50000
01/01/1974|SCN Carta Topografica Matricial|50000
01/01/1976|SCN Carta Topografica Matricial|50000
01/01/1973|SCN Carta Topografica Matricial|50000
01/01/1965|SCN Carta Topografica Matricial|50000
01/01/1997|SCN Carta Topografica Matricial|50000
01/01/1967|SCN Carta Topografica Matricial|50000
01/01/1967|SCN Carta Topografica Matricial|50000
01/01/1991|SCN Carta Topografica Matricial|50000
01/01/1975|SCN Carta Topografica Matricial|50000
01/01/1988|SCN Carta Topografica Matricial|50000
01/01/1972|SCN Carta Topografica Matricial|50000
01/01/1973|SCN Carta Topografica Matricial|50000
01/01/1974|SCN Carta Topografica Matricial|50000
01/01/1972|SCN Carta Topografica Matricial|50000
01/01/1974|SCN Carta Topografica Matricial|50000
01/01/1971|SCN Carta Topografica Matricial|50000
01/01/1970|SCN Carta Topografica Matricial|50000
01/01/1978|SCN Carta Topografica Matricial|50000
01/01/1972|SCN Carta Topografica Matricial|50000
01/01/1972|SCN Carta Topografica Matricial|50000
01/01/1971|SCN Carta Topografica Matricial|50000
01/01/1974|SCN Carta Topografica Matricial|50000
01/01/1973|SCN Carta Topografica Matricial|50000
01/01/1965|SCN Carta Topografica Matricial|50000
01/01/1979|SCN Carta Topografica Matricial|50000
01/01/1996|SCN Carta Topografica Matricial|50000
01/01/1984|SCN Carta Topografica Matricial|50000
01/01/1973|SCN Carta Topografica Matricial|50000
01/01/1975|SCN Carta Topografica Matricial|50000
01/01/1975|SCN Carta Topografica Matricial|50000
01/01/1979|SCN Carta Topografica Matricial|50000
01/01/1974|SCN Carta Topografica Matricial|50000
01/01/1975|SCN Carta Topografica Matricial|50000
01/01/1973|SCN Carta Topografica Matricial|50000
01/01/1974|SCN Carta Topografica Matricial|50000
01/01/1974|SCN Carta Topografica Matricial|50000
01/01/1993|SCN Carta Topografica Matricial|50000
01/01/1979|SCN Carta Topografica Matricial|50000
01/01/1969|SCN Carta Topografica Matricial|50000
01/01/1984|SCN Carta Topografica Matricial|50000
01/01/1971|SCN Carta Topografica Matricial|50000
01/01/1975|SCN Carta Topografica Matricial|50000
01/01/1975|SCN Carta Topografica Matricial|50000
01/01/1979|SCN Carta Topografica Matricial|50000
01/01/1974|SCN Carta Topografica Matricial|50000
01/01/1967|SCN Carta Topografica Matricial|50000
01/01/1971|SCN Carta Topografica Matricial|50000
01/01/1974|SCN Carta Topografica Matricial|50000
01/01/1970|SCN Carta Topografica Matricial|50000
01/01/1979|SCN Carta Topografica Matricial|50000
01/01/1983|SCN Carta Topografica Matricial|50000
01/01/1983|SCN Carta Topografica Matricial|50000
01/01/1973|SCN Carta Topografica Matricial|50000
01/01/1970|SCN Carta Topografica Matricial|50000
01/01/1971|SCN Carta Topografica Matricial|50000
22/12/2022|SCN Carta Topografica Matricial|50000
01/01/1972|SCN Carta Topografica Matricial|50000
01/01/1965|SCN Carta Topografica Matricial|50000
01/01/1973|SCN Carta Topografica Matricial|50000
01/01/1972|SCN Carta Topografica Matricial|50000
01/01/1984|SCN Carta Topografica Matricial|50000
01/01/1967|SCN Carta Topografica Matricial|50000
01/01/1974|SCN Carta Topografica Matricial|50000
01/01/1973|SCN Carta Topografica Matricial|50000
01/01/1965|SCN Carta Topografica Matricial|50000
01/01/1973|SCN Carta Topografica Matricial|50000
01/01/1973|SCN Carta Topografica Matricial|50000
01/01/1986|SCN Carta Topografica Matricial|50000
01/01/1986|SCN Carta Topografica Matricial|50000
01/01/1966|SCN Carta Topografica Matricial|50000
01/01/1984|SCN Carta Topografica Matricial|50000
01/01/1978|SCN Carta Topografica Matricial|50000
01/01/1974|SCN Carta Topografica Matricial|50000
01/01/1984|SCN Carta Topografica Matricial|50000
01/01/1977|SCN Carta Topografica Matricial|50000
01/01/1971|SCN Carta Topografica Matricial|50000
01/01/1975|SCN Carta Topografica Matricial|50000
01/01/1976|SCN Carta Topografica Matricial|50000
01/01/1973|SCN Carta Topografica Matricial|50000
01/01/1973|SCN Carta Topografica Matricial|50000
10/01/1972|SCN Carta Topografica Matricial|50000
01/01/1968|SCN Carta Topografica Matricial|50000
01/01/1968|SCN Carta Topografica Matricial|50000
01/01/1965|SCN Carta Topografica Matricial|50000
01/01/1978|SCN Carta Topografica Matricial|50000
01/01/1968|SCN Carta Topografica Matricial|50000
01/01/1974|SCN Carta Topografica Matricial|50000
01/01/1970|SCN Carta Topografica Matricial|50000
01/01/1972|SCN Carta Topografica Matricial|50000
01/01/1973|SCN Carta Topografica Matricial|50000
01/01/1971|SCN Carta Topografica Matricial|50000
01/01/1973|SCN Carta Topografica Matricial|50000
01/01/1973|SCN Carta Topografica Matricial|50000
01/01/1972|SCN Carta Topografica Matricial|50000
01/01/1974|SCN Carta Topografica Matricial|50000
01/01/1972|SCN Carta Topografica Matricial|50000
01/01/1971|SCN Carta Topografica Matricial|50000
01/01/1971|SCN Carta Topografica Matricial|50000
01/01/1978|SCN Carta Topografica Matricial|50000
01/01/1972|SCN Carta Topografica Matricial|50000
01/01/1979|SCN Carta Topografica Matricial|50000
01/01/1972|SCN Carta Topografica Matricial|50000
01/01/1963|SCN Carta Topografica Matricial|50000
01/01/1967|SCN Carta Topografica Matricial|50000
01/01/1971|SCN Carta Topografica Matricial|50000
01/01/1971|SCN Carta Topografica Matricial|50000
01/01/1972|SCN Carta Topografica Matricial|50000
01/01/1972|SCN Carta Topografica Matricial|50000
01/01/1974|SCN Carta Topografica Matricial|50000
01/01/1975|SCN Carta Topografica Matricial|50000
01/01/1979|SCN Carta Topografica Matricial|50000
01/01/1973|SCN Carta Topografica Matricial|50000
01/01/1973|SCN Carta Topografica Matricial|50000
01/01/1968|SCN Carta Topografica Matricial|50000
01/01/1974|SCN Carta Topografica Matricial|50000
01/01/1974|SCN Carta Topografica Matricial|50000
01/01/1974|SCN Carta Topografica Matricial|50000
01/01/1973|SCN Carta Topografica Matricial|50000
01/01/1972|SCN Carta Topografica Matricial|50000
01/01/1972|SCN Carta Topografica Matricial|50000
01/01/1972|SCN Carta Topografica Matricial|50000
01/01/1977|SCN Carta Topografica Matricial|50000
01/01/1979|SCN Carta Topografica Matricial|50000
01/01/1981|SCN Carta Topografica Matricial|50000
01/01/1981|SCN Carta Topografica Matricial|50000
01/01/1971|SCN Carta Topografica Matricial|50000
10/01/1976|SCN Carta Topografica Matricial|50000
01/01/1980|SCN Carta Topografica Matricial|50000
04/07/2024|SCN Carta Topografica Matricial|100000
08/12/2023|SCN Carta Topografica Matricial|100000
04/07/2024|SCN Carta Topografica Matricial|100000
04/07/2024|SCN Carta Topografica Matricial|100000
04/07/2024|SCN Carta Topografica Matricial|100000
04/07/2024|SCN Carta Topografica Matricial|100000
04/07/2024|SCN Carta Topografica Matricial|100000
08/12/2023|SCN Carta Topografica Matricial|100000
04/07/2024|SCN Carta Topografica Matricial|100000
04/07/2024|SCN Carta Topografica Matricial|100000
24/10/2024|SCN Carta Topografica Matricial|25000
25/10/2024|SCN Carta Topografica Matricial|25000
11/12/2023|SCN Carta Topografica Matricial|25000
04/12/2024|SCN Carta Topografica Matricial|25000
04/12/2024|SCN Carta Topografica Matricial|25000
20/09/2024|SCN Carta Topografica Matricial|25000
20/09/2024|SCN Carta Topografica Matricial|25000
25/10/2024|SCN Carta Topografica Matricial|25000
21/09/2023|SCN Carta Topografica Matricial|25000
21/09/2023|SCN Carta Topografica Matricial|25000
09/11/2023|SCN Carta Topografica Matricial|25000
06/12/2023|SCN Carta Topografica Matricial|25000
25/10/2024|SCN Carta Topografica Matricial|25000
25/10/2024|SCN Carta Topografica Matricial|25000
09/11/2023|SCN Carta Topografica Matricial|25000
06/12/2023|SCN Carta Topografica Matricial|25000
25/10/2024|SCN Carta Topografica Matricial|25000
20/09/2024|SCN Carta Topografica Matricial|25000
09/11/2023|SCN Carta Topografica Matricial|25000
20/12/2023|SCN Carta Topografica Matricial|25000
09/11/2023|SCN Carta Topografica Matricial|25000
09/11/2023|SCN Carta Topografica Matricial|25000
25/10/2024|SCN Carta Topografica Matricial|25000
21/09/2023|SCN Carta Topografica Matricial|25000
06/12/2023|SCN Carta Topografica Matricial|25000
21/09/2023|SCN Carta Topografica Matricial|25000
20/09/2024|SCN Carta Topografica Matricial|25000
11/12/2023|SCN Carta Topografica Matricial|25000
06/12/2023|SCN Carta Topografica Matricial|25000
27/11/2024|SCN Carta Topografica Matricial|25000
27/11/2024|SCN Carta Topografica Matricial|25000
25/10/2024|SCN Carta Topografica Matricial|25000
25/10/2024|SCN Carta Topografica Matricial|25000
28/11/2024|SCN Carta Topografica Matricial|25000
27/11/2024|SCN Carta Topografica Matricial|25000
21/09/2023|SCN Carta Topografica Matricial|25000
21/09/2023|SCN Carta Topografica Matricial|25000
20/09/2024|SCN Carta Topografica Matricial|25000
20/09/2024|SCN Carta Topografica Matricial|25000
24/10/2024|SCN Carta Topografica Matricial|25000
09/11/2023|SCN Carta Topografica Matricial|25000
20/12/2023|SCN Carta Topografica Matricial|25000
27/11/2024|SCN Carta Topografica Matricial|25000
25/10/2024|SCN Carta Topografica Matricial|25000
25/10/2024|SCN Carta Topografica Matricial|25000
25/10/2024|SCN Carta Topografica Matricial|25000
21/09/2023|SCN Carta Topografica Matricial|25000
13/12/2023|SCN Carta Topografica Matricial|25000
20/09/2024|SCN Carta Topografica Matricial|25000
02/12/2024|SCN Carta Topografica Matricial|25000
06/12/2023|SCN Carta Topografica Matricial|25000
12/12/2023|SCN Carta Topografica Matricial|25000
04/12/2024|SCN Carta Topografica Matricial|25000
04/12/2024|SCN Carta Topografica Matricial|25000
25/10/2024|SCN Carta Topografica Matricial|25000
30/09/2024|SCN Carta Topografica Matricial|25000
25/10/2024|SCN Carta Topografica Matricial|25000
27/11/2024|SCN Carta Topografica Matricial|25000
20/09/2024|SCN Carta Topografica Matricial|25000
09/11/2023|SCN Carta Topografica Matricial|25000
20/09/2024|SCN Carta Topografica Matricial|25000
20/09/2024|SCN Carta Topografica Matricial|25000
25/10/2024|SCN Carta Topografica Matricial|25000
27/11/2024|SCN Carta Topografica Matricial|25000
21/09/2023|SCN Carta Topografica Matricial|25000
06/12/2023|SCN Carta Topografica Matricial|25000
06/12/2023|SCN Carta Topografica Matricial|25000
19/12/2023|SCN Carta Topografica Matricial|25000
19/12/2023|SCN Carta Topografica Matricial|25000
06/11/2023|SCN Carta Topografica Matricial|50000
05/12/2023|SCN Carta Topografica Matricial|50000
06/12/2023|SCN Carta Topografica Matricial|50000
01/12/2023|SCN Carta Topografica Matricial|50000
03/12/2024|SCN Carta Topografica Matricial|50000
04/12/2024|SCN Carta Topografica Matricial|50000
03/12/2024|SCN Carta Topografica Matricial|50000
22/09/2023|SCN Carta Topografica Matricial|50000
05/12/2023|SCN Carta Topografica Matricial|50000
04/12/2024|SCN Carta Topografica Matricial|50000
05/12/2023|SCN Carta Topografica Matricial|50000
13/12/2023|SCN Carta Topografica Matricial|50000
05/12/2023|SCN Carta Topografica Matricial|50000
22/12/2023|SCN Carta Topografica Matricial|50000
08/12/2023|SCN Carta Topografica Matricial|50000
01/12/2023|SCN Carta Topografica Matricial|50000
01/12/2023|SCN Carta Topografica Matricial|50000
05/12/2023|SCN Carta Topografica Matricial|50000
06/11/2023|SCN Carta Topografica Matricial|50000
01/12/2023|SCN Carta Topografica Matricial|50000
13/12/2023|SCN Carta Topografica Matricial|50000
13/12/2023|SCN Carta Topografica Matricial|50000
06/11/2023|SCN Carta Topografica Matricial|50000
05/12/2023|SCN Carta Topografica Matricial|50000
01/12/2023|SCN Carta Topografica Matricial|50000
04/12/2024|SCN Carta Topografica Matricial|50000
26/12/2023|SCN Carta Topografica Matricial|50000
01/12/2023|SCN Carta Topografica Matricial|50000
01/12/2023|SCN Carta Topografica Matricial|50000
05/12/2023|SCN Carta Topografica Matricial|50000
01/12/2023|SCN Carta Topografica Matricial|50000
17/11/2022|SCN Carta Topografica Matricial|50000
17/11/2022|SCN Carta Topografica Matricial|50000
01/01/2019|SCN Carta Topografica Matricial|50000
17/11/2022|SCN Carta Topografica Matricial|50000
17/11/2022|SCN Carta Topografica Matricial|50000
17/11/2022|SCN Carta Topografica Matricial|50000
01/01/2019|SCN Carta Topografica Matricial|50000
01/10/2021|SCN Carta Topografica Matricial|50000
01/01/2019|SCN Carta Topografica Matricial|50000
01/01/2019|SCN Carta Topografica Matricial|50000
17/11/2022|SCN Carta Topografica Matricial|50000
17/11/2022|SCN Carta Topografica Matricial|50000
01/01/2019|SCN Carta Topografica Matricial|50000
01/01/2019|SCN Carta Topografica Matricial|50000
01/01/2019|SCN Carta Topografica Matricial|50000
17/11/2022|SCN Carta Topografica Matricial|50000
17/11/2022|SCN Carta Topografica Matricial|50000
17/11/2022|SCN Carta Topografica Matricial|50000
17/11/2022|SCN Carta Topografica Matricial|50000
01/01/2019|SCN Carta Topografica Matricial|50000
01/01/2019|SCN Carta Topografica Matricial|50000
01/01/2019|SCN Carta Topografica Matricial|50000
01/01/2019|SCN Carta Topografica Matricial|50000
01/01/2019|SCN Carta Topografica Matricial|50000
01/01/2019|SCN Carta Topografica Matricial|50000
01/01/2019|SCN Carta Topografica Matricial|50000
01/01/2019|SCN Carta Topografica Matricial|50000
01/07/2019|SCN Carta Topografica Matricial|50000
01/01/2019|SCN Carta Topografica Matricial|50000
01/07/2021|SCN Carta Topografica Matricial|50000
01/01/2019|SCN Carta Topografica Matricial|50000
03/12/2021|SCN Carta Topografica Matricial|50000
17/11/2022|SCN Carta Topografica Matricial|50000
17/11/2022|SCN Carta Topografica Matricial|50000
17/11/2022|SCN Carta Topografica Matricial|50000
17/11/2022|SCN Carta Topografica Matricial|50000
17/11/2022|SCN Carta Topografica Matricial|50000
17/11/2022|SCN Carta Topografica Matricial|50000
17/11/2022|SCN Carta Topografica Matricial|50000
16/07/2010|SCN Carta Topografica Matricial|50000
17/11/2022|SCN Carta Topografica Matricial|50000
17/11/2022|SCN Carta Topografica Matricial|50000
17/11/2022|SCN Carta Topografica Matricial|50000
17/11/2022|SCN Carta Topografica Matricial|50000
09/01/2019|SCN Carta Topografica Matricial|50000
17/11/2022|SCN Carta Topografica Matricial|50000
17/11/2022|SCN Carta Topografica Matricial|50000
01/01/2019|SCN Carta Topografica Matricial|50000
01/01/2019|SCN Carta Topografica Matricial|50000
01/01/2019|SCN Carta Topografica Matricial|50000
01/01/2019|SCN Carta Topografica Matricial|50000
17/11/2022|SCN Carta Topografica Matricial|50000
17/11/2022|SCN Carta Topografica Matricial|50000
17/11/2022|SCN Carta Topografica Matricial|50000
17/11/2022|SCN Carta Topografica Matricial|50000
17/11/2022|SCN Carta Topografica Matricial|50000
17/11/2022|SCN Carta Topografica Matricial|50000
03/12/2021|SCN Carta Topografica Matricial|50000
17/11/2022|SCN Carta Topografica Matricial|50000
01/01/2019|SCN Carta Topografica Matricial|50000
01/01/2019|SCN Carta Topografica Matricial|50000
01/01/2019|SCN Carta Topografica Matricial|50000
17/11/2022|SCN Carta Topografica Matricial|50000
17/11/2022|SCN Carta Topografica Matricial|50000
01/01/2019|SCN Carta Topografica Matricial|50000
01/01/2019|SCN Carta Topografica Matricial|50000
17/11/2022|SCN Carta Topografica Matricial|50000
01/01/2019|SCN Carta Topografica Matricial|50000
17/11/2022|SCN Carta Topografica Matricial|50000
17/11/2022|SCN Carta Topografica Matricial|50000
17/11/2022|SCN Carta Topografica Matricial|50000
17/11/2022|SCN Carta Topografica Matricial|50000
17/11/2022|SCN Carta Topografica Matricial|50000
17/11/2022|SCN Carta Topografica Matricial|50000
17/11/2022|SCN Carta Topografica Matricial|50000
01/01/2019|SCN Carta Topografica Matricial|50000
17/11/2022|SCN Carta Topografica Matricial|50000
17/11/2022|SCN Carta Topografica Matricial|50000
17/11/2022|SCN Carta Topografica Matricial|50000
17/11/2022|SCN Carta Topografica Matricial|50000
01/01/1979|SCN Carta Topografica Matricial|100000
01/01/1979|SCN Carta Topografica Matricial|100000
01/01/1977|SCN Carta Topografica Matricial|100000
01/01/1971|SCN Carta Topografica Matricial|100000
01/01/1969|SCN Carta Topografica Matricial|100000
01/01/1966|SCN Carta Topografica Matricial|100000
01/01/1977|SCN Carta Topografica Matricial|100000
01/01/1981|SCN Carta Topografica Matricial|100000
01/01/1972|SCN Carta Topografica Matricial|100000
01/01/1980|SCN Carta Topografica Matricial|100000
01/01/1989|SCN Carta Topografica Matricial|100000
01/01/1979|SCN Carta Topografica Matricial|100000
01/01/1980|SCN Carta Topografica Matricial|100000
01/01/1977|SCN Carta Topografica Matricial|100000
01/01/1968|SCN Carta Topografica Matricial|100000
01/01/1972|SCN Carta Topografica Matricial|100000
01/01/1967|SCN Carta Topografica Matricial|100000
01/01/1970|SCN Carta Topografica Matricial|100000
01/01/1979|SCN Carta Topografica Matricial|100000
01/01/1980|SCN Carta Topografica Matricial|100000
01/01/1986|SCN Carta Topografica Matricial|100000
01/01/1979|SCN Carta Topografica Matricial|100000
01/01/1982|SCN Carta Topografica Matricial|100000
01/01/1972|SCN Carta Topografica Matricial|100000
01/01/1978|SCN Carta Topografica Matricial|100000
01/01/1978|SCN Carta Topografica Matricial|100000
01/01/1980|SCN Carta Topografica Matricial|100000
01/01/1986|SCN Carta Topografica Matricial|100000
01/01/1989|SCN Carta Topografica Matricial|100000
01/01/1980|SCN Carta Topografica Matricial|100000
01/01/1977|SCN Carta Topografica Matricial|100000
01/01/1980|SCN Carta Topografica Matricial|100000
01/01/1966|SCN Carta Topografica Matricial|100000
01/01/1970|SCN Carta Topografica Matricial|100000
01/01/1979|SCN Carta Topografica Matricial|100000
01/01/1980|SCN Carta Topografica Matricial|100000
01/01/1977|SCN Carta Topografica Matricial|100000
01/01/1979|SCN Carta Topografica Matricial|100000
01/01/1977|SCN Carta Topografica Matricial|100000
01/01/1979|SCN Carta Topografica Matricial|100000
01/01/1978|SCN Carta Topografica Matricial|100000
01/01/1974|SCN Carta Topografica Matricial|100000
01/01/1967|SCN Carta Topografica Matricial|100000
01/01/1963|SCN Carta Topografica Matricial|100000
01/01/1976|SCN Carta Topografica Matricial|100000
01/01/1968|SCN Carta Topografica Matricial|100000
01/01/1969|SCN Carta Topografica Matricial|100000
01/01/1983|SCN Carta Topografica Matricial|100000
01/01/1979|SCN Carta Topografica Matricial|100000
01/01/1981|SCN Carta Topografica Matricial|100000
01/01/1983|SCN Carta Topografica Matricial|100000
01/01/1978|SCN Carta Topografica Matricial|100000
01/01/1979|SCN Carta Topografica Matricial|100000
01/01/1991|SCN Carta Topografica Matricial|100000
01/01/1980|SCN Carta Topografica Matricial|100000
01/01/1972|SCN Carta Topografica Matricial|100000
01/01/1983|SCN Carta Topografica Matricial|100000
01/01/1978|SCN Carta Topografica Matricial|100000
01/01/1976|SCN Carta Topografica Matricial|100000
01/01/1972|SCN Carta Topografica Matricial|100000
01/01/1976|SCN Carta Topografica Matricial|100000
01/01/1961|SCN Carta Topografica Matricial|100000
01/01/1977|SCN Carta Topografica Matricial|100000
01/01/1979|SCN Carta Topografica Matricial|100000
01/01/1966|SCN Carta Topografica Matricial|100000
01/01/1979|SCN Carta Topografica Matricial|100000
01/01/1976|SCN Carta Topografica Matricial|100000
01/01/1969|SCN Carta Topografica Matricial|100000
01/01/1978|SCN Carta Topografica Matricial|100000
01/01/1980|SCN Carta Topografica Matricial|100000
01/01/1981|SCN Carta Topografica Matricial|100000
01/01/1977|SCN Carta Topografica Matricial|100000
01/01/1972|SCN Carta Topografica Matricial|100000
01/01/1982|SCN Carta Topografica Matricial|100000
01/01/1980|SCN Carta Topografica Matricial|100000
01/01/1967|SCN Carta Topografica Matricial|100000
01/01/1979|SCN Carta Topografica Matricial|100000
01/01/1967|SCN Carta Topografica Matricial|100000
01/01/1972|SCN Carta Topografica Matricial|100000
01/01/1968|SCN Carta Topografica Matricial|100000
01/01/1980|SCN Carta Topografica Matricial|100000
01/01/1970|SCN Carta Topografica Matricial|100000
01/01/1971|SCN Carta Topografica Matricial|100000
01/01/1964|SCN Carta Topografica Matricial|100000
01/01/1978|SCN Carta Topografica Matricial|100000
01/01/1980|SCN Carta Topografica Matricial|100000
01/01/1983|SCN Carta Topografica Matricial|100000
01/01/1981|SCN Carta Topografica Matricial|100000
01/01/2004|SCN Carta Topografica Matricial|100000
01/01/1969|SCN Carta Topografica Matricial|100000
01/01/1980|SCN Carta Topografica Matricial|100000
14/06/2022|SCN Carta Topografica Matricial|25000
14/06/2022|SCN Carta Topografica Matricial|25000
06/12/2021|SCN Carta Topografica Matricial|25000
14/06/2022|SCN Carta Topografica Matricial|25000
14/06/2022|SCN Carta Topografica Matricial|25000
14/06/2022|SCN Carta Topografica Matricial|25000
14/06/2022|SCN Carta Topografica Matricial|25000
14/06/2022|SCN Carta Topografica Matricial|25000
18/06/2022|SCN Carta Topografica Matricial|25000
18/06/2022|SCN Carta Topografica Matricial|25000
14/06/2022|SCN Carta Topografica Matricial|25000
01/01/1988|SCN Carta Topografica Matricial|250000
01/01/1976|SCN Carta Topografica Matricial|250000
01/01/1982|SCN Carta Topografica Matricial|250000
01/01/1979|SCN Carta Topografica Matricial|250000
01/01/1979|SCN Carta Topografica Matricial|250000
01/01/1979|SCN Carta Topografica Matricial|250000
01/01/1979|SCN Carta Topografica Matricial|250000
01/01/1979|SCN Carta Topografica Matricial|250000
01/01/1982|SCN Carta Topografica Matricial|250000
01/01/1980|SCN Carta Topografica Matricial|250000
01/01/1980|SCN Carta Topografica Matricial|250000
01/01/1980|SCN Carta Topografica Matricial|250000
01/01/1985|SCN Carta Topografica Matricial|250000
01/01/1982|SCN Carta Topografica Matricial|250000
01/01/1980|SCN Carta Topografica Matricial|250000
01/01/1979|SCN Carta Topografica Matricial|250000
01/01/1980|SCN Carta Topografica Matricial|250000
01/01/1980|SCN Carta Topografica Matricial|250000
01/01/1979|SCN Carta Topografica Matricial|250000
01/01/1982|SCN Carta Topografica Matricial|250000
01/01/1983|SCN Carta Topografica Matricial|250000
01/01/1985|SCN Carta Topografica Matricial|250000
01/01/1976|SCN Carta Topografica Matricial|250000
01/01/1982|SCN Carta Topografica Matricial|250000
01/01/1982|SCN Carta Topografica Matricial|250000
01/01/1982|SCN Carta Topografica Matricial|250000
01/01/1980|SCN Carta Topografica Matricial|250000
01/01/1980|SCN Carta Topografica Matricial|250000
01/01/1979|SCN Carta Topografica Matricial|250000
01/01/1982|SCN Carta Topografica Matricial|250000
01/01/1979|SCN Carta Topografica Matricial|250000
01/01/1980|SCN Carta Topografica Matricial|250000
01/01/1980|SCN Carta Topografica Matricial|250000
01/01/1979|SCN Carta Topografica Matricial|250000
01/01/1979|SCN Carta Topografica Matricial|250000
01/01/1980|SCN Carta Topografica Matricial|250000
01/01/1976|SCN Carta Topografica Matricial|250000
01/01/1980|SCN Carta Topografica Matricial|250000
01/01/1991|SCN Carta Topografica Matricial|250000
01/01/1982|SCN Carta Topografica Matricial|250000
01/01/1985|SCN Carta Topografica Matricial|250000
01/01/1979|SCN Carta Topografica Matricial|250000
01/01/1979|SCN Carta Topografica Matricial|250000
01/01/1980|SCN Carta Topografica Matricial|250000
01/01/1976|SCN Carta Topografica Matricial|250000
01/01/1981|SCN Carta Topografica Matricial|250000
01/01/1966|SCN Carta Topografica Matricial|50000
01/01/1984|SCN Carta Topografica Matricial|50000
01/01/1975|SCN Carta Topografica Matricial|50000
01/01/1960|SCN Carta Topografica Matricial|50000
01/01/1974|SCN Carta Topografica Matricial|50000
01/01/1984|SCN Carta Topografica Matricial|50000
01/01/1969|SCN Carta Topografica Matricial|50000
01/01/1992|SCN Carta Topografica Matricial|50000
01/01/1973|SCN Carta Topografica Matricial|50000
01/01/1982|SCN Carta Topografica Matricial|50000
01/01/1969|SCN Carta Topografica Matricial|50000
01/01/1975|SCN Carta Topografica Matricial|50000
01/01/1971|SCN Carta Topografica Matricial|50000
01/01/1977|SCN Carta Topografica Matricial|50000
01/01/1971|SCN Carta Topografica Matricial|50000
01/01/1975|SCN Carta Topografica Matricial|50000
01/01/1979|SCN Carta Topografica Matricial|50000
01/01/1965|SCN Carta Topografica Matricial|50000
01/01/1973|SCN Carta Topografica Matricial|50000
01/01/1976|SCN Carta Topografica Matricial|50000
01/01/1966|SCN Carta Topografica Matricial|50000
01/01/1965|SCN Carta Topografica Matricial|50000
01/01/1984|SCN Carta Topografica Matricial|50000
01/01/1976|SCN Carta Topografica Matricial|50000
01/07/2021|SCN Carta Topografica Matricial|50000
01/01/1979|SCN Carta Topografica Matricial|50000
01/01/1975|SCN Carta Topografica Matricial|50000
01/01/1973|SCN Carta Topografica Matricial|50000
01/01/1975|SCN Carta Topografica Matricial|50000
01/01/1979|SCN Carta Topografica Matricial|50000
01/01/1977|SCN Carta Topografica Matricial|50000
01/01/1971|SCN Carta Topografica Matricial|50000
01/01/1984|SCN Carta Topografica Matricial|50000
01/01/1970|SCN Carta Topografica Matricial|50000
01/01/1970|SCN Carta Topografica Matricial|50000
01/01/1978|SCN Carta Topografica Matricial|50000
01/01/1972|SCN Carta Topografica Matricial|50000
01/01/1976|SCN Carta Topografica Matricial|50000
01/01/2010|SCN Carta Topografica Matricial|50000
01/01/1974|SCN Carta Topografica Matricial|50000
01/01/1975|SCN Carta Topografica Matricial|50000
01/01/1969|SCN Carta Topografica Matricial|50000
01/01/1973|SCN Carta Topografica Matricial|50000
01/01/1981|SCN Carta Topografica Matricial|50000
01/01/1970|SCN Carta Topografica Matricial|50000
01/01/1984|SCN Carta Topografica Matricial|50000
01/01/1976|SCN Carta Topografica Matricial|50000
01/01/1976|SCN Carta Topografica Matricial|50000
01/01/1966|SCN Carta Topografica Matricial|50000
01/01/1965|SCN Carta Topografica Matricial|50000
01/01/1975|SCN Carta Topografica Matricial|50000
01/01/1988|SCN Carta Topografica Matricial|50000
01/01/1974|SCN Carta Topografica Matricial|50000
01/01/1974|SCN Carta Topografica Matricial|50000
01/01/1971|SCN Carta Topografica Matricial|50000
01/01/1972|SCN Carta Topografica Matricial|50000
01/01/1991|SCN Carta Topografica Matricial|50000
01/01/1973|SCN Carta Topografica Matricial|50000
01/01/1993|SCN Carta Topografica Matricial|50000
01/01/1979|SCN Carta Topografica Matricial|50000
01/01/1974|SCN Carta Topografica Matricial|50000
01/01/1974|SCN Carta Topografica Matricial|50000
01/01/1984|SCN Carta Topografica Matricial|50000
01/01/1969|SCN Carta Topografica Matricial|50000
01/01/1979|SCN Carta Topografica Matricial|50000
01/01/1976|SCN Carta Topografica Matricial|50000
01/01/1983|SCN Carta Topografica Matricial|50000
01/01/1972|SCN Carta Topografica Matricial|50000
01/01/1973|SCN Carta Topografica Matricial|50000
01/01/1979|SCN Carta Topografica Matricial|50000
01/01/1970|SCN Carta Topografica Matricial|50000
01/01/1976|SCN Carta Topografica Matricial|50000
01/01/1971|SCN Carta Topografica Matricial|50000
01/01/1971|SCN Carta Topografica Matricial|50000
01/01/1974|SCN Carta Topografica Matricial|50000
01/01/1985|SCN Carta Topografica Matricial|50000
01/01/1976|SCN Carta Topografica Matricial|50000
01/01/1974|SCN Carta Topografica Matricial|50000
01/01/1979|SCN Carta Topografica Matricial|50000
01/01/1976|SCN Carta Topografica Matricial|50000
01/01/1966|SCN Carta Topografica Matricial|50000
01/01/1969|SCN Carta Topografica Matricial|50000
01/01/1972|SCN Carta Topografica Matricial|50000
01/01/1977|SCN Carta Topografica Matricial|50000
01/01/1970|SCN Carta Topografica Matricial|50000
01/01/1972|SCN Carta Topografica Matricial|50000
01/01/1971|SCN Carta Topografica Matricial|50000
01/01/1969|SCN Carta Topografica Matricial|50000
01/01/1976|SCN Carta Topografica Matricial|50000
01/01/1974|SCN Carta Topografica Matricial|50000
01/01/1976|SCN Carta Topografica Matricial|50000
01/01/1972|SCN Carta Topografica Matricial|50000
01/01/1973|SCN Carta Topografica Matricial|50000
01/01/1984|SCN Carta Topografica Matricial|50000
01/01/1984|SCN Carta Topografica Matricial|50000
01/01/1977|SCN Carta Topografica Matricial|50000
01/01/1974|SCN Carta Topografica Matricial|50000
01/01/1975|SCN Carta Topografica Matricial|50000
01/01/1969|SCN Carta Topografica Matricial|50000
01/01/1972|SCN Carta Topografica Matricial|50000
01/01/1980|SCN Carta Topografica Matricial|50000
01/01/1971|SCN Carta Topografica Matricial|50000
01/01/1983|SCN Carta Topografica Matricial|50000
01/01/1974|SCN Carta Topografica Matricial|50000
01/01/1969|SCN Carta Topografica Matricial|50000
01/01/1970|SCN Carta Topografica Matricial|50000
01/01/1976|SCN Carta Topografica Matricial|50000
01/01/1984|SCN Carta Topografica Matricial|50000
01/01/1971|SCN Carta Topografica Matricial|50000
01/01/1971|SCN Carta Topografica Matricial|50000
01/01/1972|SCN Carta Topografica Matricial|50000
01/01/1976|SCN Carta Topografica Matricial|50000
01/01/1972|SCN Carta Topografica Matricial|50000
01/01/1972|SCN Carta Topografica Matricial|50000
01/01/1974|SCN Carta Topografica Matricial|50000
01/01/1974|SCN Carta Topografica Matricial|50000
01/01/1970|SCN Carta Topografica Matricial|50000
01/01/1979|SCN Carta Topografica Matricial|50000
01/01/1972|SCN Carta Topografica Matricial|50000
01/01/1969|SCN Carta Topografica Matricial|50000
01/01/1970|SCN Carta Topografica Matricial|50000
01/01/1984|SCN Carta Topografica Matricial|50000
01/01/1971|SCN Carta Topografica Matricial|50000
01/01/1975|SCN Carta Topografica Matricial|50000
01/01/1976|SCN Carta Topografica Matricial|50000
01/01/1978|SCN Carta Topografica Matricial|50000
01/01/1981|SCN Carta Topografica Matricial|50000
01/01/1983|SCN Carta Topografica Matricial|50000
01/01/1976|SCN Carta Topografica Matricial|50000
01/01/1976|SCN Carta Topografica Matricial|50000
01/01/1971|SCN Carta Topografica Matricial|50000
01/01/1969|SCN Carta Topografica Matricial|50000
01/01/1974|SCN Carta Topografica Matricial|50000
01/01/1973|SCN Carta Topografica Matricial|50000
01/01/1981|SCN Carta Topografica Matricial|50000
01/01/1973|SCN Carta Topografica Matricial|50000
01/01/1983|SCN Carta Topografica Matricial|50000
01/01/1975|SCN Carta Topografica Matricial|50000
01/01/1976|SCN Carta Topografica Matricial|50000
01/01/1974|SCN Carta Topografica Matricial|50000
01/01/1967|SCN Carta Topografica Matricial|50000
01/01/1969|SCN Carta Topografica Matricial|50000
01/01/1970|SCN Carta Topografica Matricial|50000
01/01/1966|SCN Carta Topografica Matricial|50000
01/01/1977|SCN Carta Topografica Matricial|50000
01/01/1981|SCN Carta Topografica Matricial|50000
01/01/1968|SCN Carta Topografica Matricial|50000
01/01/1967|SCN Carta Topografica Matricial|50000
01/01/1970|SCN Carta Topografica Matricial|50000
01/01/1969|SCN Carta Topografica Matricial|50000
01/01/1979|SCN Carta Topografica Matricial|50000
01/01/1975|SCN Carta Topografica Matricial|50000
01/01/1966|SCN Carta Topografica Matricial|50000
